{
  "NOx": {
    "rmse": 2.1450515135215094,
    "mae": 1.6497536986146755,
    "r2": 0.6421889384038935
  },
  "SOx": {
    "rmse": 0.5148335594479329,
    "mae": 0.4115236475726238,
    "r2": 0.16793921957524938
  },
  "CO": {
    "rmse": 1.5269809803328185,
    "mae": 1.221888975443097,
    "r2": 0.37795174995373426
  },
  "PM": {
    "rmse": 0.30091173975572916,
    "mae": 0.24133922743117847,
    "r2": 0.11855140984993506
  }
}